year_month,tag,submission_id
2019-01,Question,11
2019-01,Review,1
2019-01,Templates,1
2019-02,Question,4
2019-03,Question,6
2019-03,Templates,1
2019-04,Question,3
2019-05,Question,4
2019-06,Question,7
2019-07,Question,3
2019-07,Templates,1
2019-08,Question,7
2019-09,Question,11
2019-09,Review,1
2019-10,Question,21
2019-11,Question,8
2019-11,Review,1
2019-12,Question,10
2019-12,Templates,1
2020-01,Question,11
2020-02,Question,16
2020-02,Review,1
2020-03,Question,9
2020-03,Review,2
2020-04,Question,27
2020-04,Stylus problems,2
2020-04,Templates,3
2020-05,Question,17
2020-05,Review,1
2020-05,Templates,3
2020-06,Question,16
2020-07,Question,20
2020-07,Review,1
2020-07,Templates,2
2020-08,Question,21
2020-08,Review,3
2020-08,Templates,14
2020-09,Question,27
2020-09,Review,2
2020-09,Templates,5
2020-10,Question,38
2020-10,Review,4
2020-10,Stylus problems,1
2020-10,Templates,7
2020-11,Question,29
2020-11,Review,1
2020-11,Templates,1
2020-12,Question,26
2020-12,Templates,10
2021-01,Question,35
2021-01,Review,5
2021-01,Stylus problems,1
2021-01,Templates,13
2021-02,Question,35
2021-02,Review,4
2021-02,Templates,8
2021-03,Question,16
2021-03,Review,2
2021-03,Templates,3
2021-04,Question,22
2021-04,Review,7
2021-04,Templates,6
2021-05,Question,41
2021-05,Review,3
2021-05,Stylus problems,1
2021-05,Templates,9
